{
	"spectralCentroid": [56.047540282347, 1.708E1], //nope
	"spectralRolloff": [0.15551877031248296, 8.594E-2], //nope
	"rms": [5.665719518824822, 1.248E-1], //note: jaudio seems to calculate some sort of an average value,
											// although analysis buffer size is 512. I don't trust this result.
	"zcr": [61, 61], //yay
	"mfcc": [
		[
		    -272.07773442605554, //
		    -260.77712967513304, //
		    -478.4040179229598, //					/
		    -767.8932341226928, //				   /
		    -497.02338729033255, //				  /
		    380.15186657561213, //				 /______________________ this is definitely wrong
		    598.8746949046167, //				 \
		    1465.9422457862486, //				  \
		    2679.8756254454074, //				   \
		    -1566.5177599636409, //				 	\
		    -3178.867623384318, //
		    -2883.128640704662, //
		    5292.721163983038, //
		    6729.558095814145, //
		    -10496.480841390125, //
		    -7193.531103668407, //
		    14857.704444889423, //
		    -17809.861666386743, //
		    -30103.448966087668, //
		    36151.72441791352, //
		    -57425.16551750547, //
		    33702.72698574122, //
		    64555.115350742606, //
		    -61065.61006890967, //
		    43658.86433229806, //
		    -23176.429770046638 //
		],

		"<v>-9.416E1</v>
		<v>3.216E0</v>
		<v>8.612E0</v>
		<v>-3.644E-1</v>
		<v>9.161E-2</v>
		<v>2.63E0</v>
		<v>1.741E-1</v>
		<v>-4.287E-1</v>
		<v>-2.211E0</v>
		<v>-2.961E0</v>
		<v>8.835E-1</v>
		<v>2.236E0</v>
		<v>8.335E-1</v>"
	],
	"powerSpectrum": [
			{
			    "0": 0.00003727155853994191, //also wrong, although this one might not be our fault
			    "1": 0.00005172163582756184, //as we're essentially just manipulating Analyser's output.
			    "2": 0.00007743086462141946, //we should test spectrum extractors by plotting the array
			    "3": 0.0000950339890550822, //and comparing it with plots of jaudio.
			    "4": 0.0000411900800827425, //to get an idea if we're getting a trustworthy spectrum.
			    "5": 0.000009948380466084927,
			    "6": 0.00002401360143267084,
			    "7": 0.000004522139988694107,
			    "8": 0.000004477866696106503,
			    "9": 1.4250946378524532E-7,
			    "10": 3.7163158594921697E-7,
			    "11": 8.163111147041491E-7,
			    "12": 0.000007167619060055586,
			    "13": 0.000023282394977286458,
			    "14": 0.00001852913192124106,
			    "15": 0.000006001445399306249,
			    "16": 4.973736054125766E-7,
			    "17": 4.2233557451254455E-7,
			    "18": 2.0564563385505608E-7,
			    "19": 8.27530683977784E-8,
			    "20": 1.318814071282759E-7,
			    "21": 5.270221095088345E-7,
			    "22": 0.0000011306135547783924,
			    "23": 6.271487222875294E-7,
			    "24": 4.496762358030537E-7,
			    "25": 2.2694648293963837E-7,
			    "26": 3.719914900557342E-7,
			    "27": 2.0919830490129243E-7,
			    "28": 2.3704865270701703E-7,
			    "29": 3.2575178465776844E-7,
			    "30": 9.762989350292628E-8,
			    "31": 1.1634747920652444E-7,
			    "32": 6.371257654791407E-7,
			    "33": 3.117697247034812E-7,
			    "34": 1.224180934400465E-8,
			    "35": 8.198342271725778E-8,
			    "36": 1.276581542697386E-7,
			    "37": 6.445581135494649E-8,
			    "38": 1.861150451532012E-7,
			    "39": 5.153783604328055E-7,
			    "40": 1.6004466374397452E-7,
			    "41": 4.8511044070664866E-8,
			    "42": 9.737262729458962E-8,
			    "43": 3.8150633940858825E-7,
			    "44": 5.056924123891804E-7,
			    "45": 7.615824415552197E-8,
			    "46": 1.3776496388118176E-8,
			    "47": 7.094435261478793E-8,
			    "48": 6.948970820985778E-8,
			    "49": 7.0615961966780105E-9,
			    "50": 1.5783332685259666E-7,
			    "51": 0.0000013747545608566725,
			    "52": 0.000001724269168335013,
			    "53": 4.818002707906999E-7,
			    "54": 3.5401831155468244E-7,
			    "55": 2.6271030151292507E-7,
			    "56": 1.3163952417016844E-7,
			    "57": 6.307428748186794E-7,
			    "58": 0.000001684440576354973,
			    "59": 9.470724648963369E-7,
			    "60": 4.6966439981588337E-7,
			    "61": 3.493649103347707E-7,
			    "62": 2.603840165704696E-8,
			    "63": 5.017951139052457E-7,
			    "64": 0.0000027660778414428933,
			    "65": 0.000006864041552034905,
			    "66": 0.000004866891686106101,
			    "67": 0.0000014286665646068286,
			    "68": 4.375962703306868E-7,
			    "69": 2.0288334212636983E-7,
			    "70": 1.2313156716459162E-8,
			    "71": 2.636442104630987E-7,
			    "72": 3.582934766654944E-7,
			    "73": 2.913632783929643E-7,
			    "74": 2.4916960228438256E-7,
			    "75": 1.4356835720263916E-7,
			    "76": 1.2828043338686257E-7,
			    "77": 3.636530720996234E-7,
			    "78": 2.0074905648925778E-7,
			    "79": 9.16526943228746E-8,
			    "80": 7.500945002902881E-7,
			    "81": 9.456692851017579E-7,
			    "82": 5.292362743603007E-7,
			    "83": 1.4271063264459372E-7,
			    "84": 1.3448561730911024E-7,
			    "85": 4.28704360899701E-8,
			    "86": 0.0000015036796412459807,
			    "87": 0.000003724720954778604,
			    "88": 0.000002302146867805277,
			    "89": 6.291388103818463E-7,
			    "90": 1.2384681724597613E-7,
			    "91": 1.6639441824395362E-8,
			    "92": 9.903671127631242E-8,
			    "93": 2.9789703148708213E-7,
			    "94": 2.7742947850128985E-7,
			    "95": 1.1347683681606213E-7,
			    "96": 1.3514140562165267E-7,
			    "97": 7.39412087114033E-8,
			    "98": 9.737057382608327E-9,
			    "99": 1.321130582709884E-7,
			    "100": 5.05077139223431E-7,
			    "101": 2.6976053391081223E-7,
			    "102": 4.5746719479211606E-7,
			    "103": 2.711269075916789E-7,
			    "104": 9.338374695744278E-8,
			    "105": 5.372784812607279E-7,
			    "106": 2.1020400708948728E-7,
			    "107": 6.9806969094088345E-9,
			    "108": 4.977547263251836E-8,
			    "109": 4.875106469626189E-7,
			    "110": 0.0000011202636187590542,
			    "111": 9.480804123995767E-7,
			    "112": 4.1554349650141376E-7,
			    "113": 3.8689904613420367E-7,
			    "114": 7.100039169927186E-7,
			    "115": 8.203197126022133E-7,
			    "116": 3.15515279680767E-7,
			    "117": 8.897804271157383E-9,
			    "118": 7.501524734720988E-9,
			    "119": 4.404568443305834E-8,
			    "120": 1.2102924529244774E-7,
			    "121": 4.6058184466346574E-7,
			    "122": 6.531766985062859E-7,
			    "123": 3.0039586818020325E-7,
			    "124": 1.0271703132502807E-7,
			    "125": 1.6290823623421602E-7,
			    "126": 6.791713502707353E-8,
			    "127": 4.287246824219437E-8,
			    "128": 9.881843254788691E-8,
			    "129": 2.659533322457719E-7,
			    "130": 2.507526062345278E-7,
			    "131": 2.021263156848363E-7,
			    "132": 1.046774684709817E-7,
			    "133": 5.3837634794717815E-8,
			    "134": 1.0711323739087675E-7,
			    "135": 1.0640917480486678E-7,
			    "136": 1.8286216629803675E-7,
			    "137": 1.0779790216020047E-7,
			    "138": 3.9211988678289345E-7,
			    "139": 4.3867458998647635E-7,
			    "140": 4.821495735995995E-7,
			    "141": 2.0387444976677216E-7,
			    "142": 3.002444515232128E-8,
			    "143": 1.0677694461946885E-7,
			    "144": 2.981530258239218E-7,
			    "145": 1.4116022839516518E-7,
			    "146": 2.5263398129027337E-7,
			    "147": 4.6873751102793904E-8,
			    "148": 2.0804020550713176E-7,
			    "149": 8.171081162799965E-7,
			    "150": 0.0000010367258482801844,
			    "151": 5.422785420705623E-7,
			    "152": 2.796907949687011E-7,
			    "153": 2.012179400878722E-8,
			    "154": 4.332865444212075E-7,
			    "155": 0.0000011621082194324117,
			    "156": 5.078013032289164E-7,
			    "157": 9.06065125150235E-8,
			    "158": 1.47179534337738E-7,
			    "159": 5.334909474186134E-7,
			    "160": 7.579187695228029E-7,
			    "161": 3.5857809166373045E-7,
			    "162": 1.7674318897320518E-8,
			    "163": 6.348878311968065E-9,
			    "164": 7.588246830891876E-8,
			    "165": 4.940874305248144E-7,
			    "166": 7.05720651694719E-7,
			    "167": 4.3341634636817616E-7,
			    "168": 9.706197090508795E-8,
			    "169": 4.258654939803819E-8,
			    "170": 3.852414565130857E-8,
			    "171": 1.4724885488703876E-7,
			    "172": 6.170969157892614E-8,