{"0":-1.3877787807814457e-17,"1":0.000013607682376459707,"2":0.0000544396425539162,"3":0.0001225226151291281,"4":0.00021790112077724189,"5":0.00034063743078149855,"6":0.0004908115370199084,"7":0.0006685210973955691,"8":0.000873881159350276,"9":0.001107024378143251,"10":0.0013681006385013461,"11":0.0016572769964113832,"12":0.0019747375044971704,"13":0.002320683328434825,"14":0.002695332048460841,"15":0.0030989176593720913,"16":0.0035316909197717905,"17":0.003993918187916279,"18":0.004485881421715021,"19":0.005007879342883825,"20":0.0055602239444851875,"21":0.006143244449049234,"22":0.006757283117622137,"23":0.007402697112411261,"24":0.00807985756546259,"25":0.008789150044322014,"26":0.009530973620712757,"27":0.01030573807656765,"28":0.011113868094980717,"29":0.011955800466239452,"30":0.012831982225179672,"31":0.013742873445153236,"32":0.0146889453753829,"33":0.01567067764699459,"34":0.01668856292963028,"35":0.017743101343512535,"36":0.018834801390767097,"37":0.01996418461203575,"38":0.02113177441060543,"39":0.022338109090924263,"40":0.023583726957440376,"41":0.024869179353117943,"42":0.026195017620921135,"43":0.02756180427968502,"44":0.028970103710889816,"45":0.030420485883951187,"46":0.03191352263092995,"47":0.033449795097112656,"48":0.035029876977205276,"49":0.036654356867074966,"50":0.03832381218671799,"51":0.040038831532001495,"52":0.04179999977350235,"53":0.04360789805650711,"54":0.04546311870217323,"55":0.04736623540520668,"56":0.04931783303618431,"57":0.051318492740392685,"58":0.05336878448724747,"59":0.05546928569674492,"60":0.05762055516242981,"61":0.059823162853717804,"62":0.062077656388282776,"63":0.0643845945596695,"64":0.06674451380968094,"65":0.06915795803070068,"66":0.07162544131278992,"67":0.07414749264717102,"68":0.07672461867332458,"69":0.07935731112957001,"70":0.08204606920480728,"71":0.08479136973619461,"72":0.08759366720914841,"73":0.09045342355966568,"74":0.09337107837200165,"75":0.09634705632925034,"76":0.09938176721334457,"77":0.1024756133556366,"78":0.10562896728515625,"79":0.10884220153093338,"80":0.11211567372083664,"81":0.1154496967792511,"82":0.11884460598230362,"83":0.12230068445205688,"84":0.12581820785999298,"85":0.1293974369764328,"86":0.13303862512111664,"87":0.1367419809103012,"88":0.14050769805908203,"89":0.14433594048023224,"90":0.14822690188884735,"91":0.15218067169189453,"92":0.15619738399982452,"93":0.1602771282196045,"94":0.16441994905471802,"95":0.16862590610980988,"96":0.17289499938488007,"97":0.17722724378108978,"98":0.18162256479263306,"99":0.1860809326171875,"100":0.19060224294662476,"101":0.19518640637397766,"102":0.19983325898647308,"103":0.20454265177249908,"104":0.20931439101696014,"105":0.21414823830127716,"106":0.21904397010803223,"107":0.22400128841400146,"108":0.2290199100971222,"109":0.23409949243068695,"110":0.2392396628856659,"111":0.24444004893302917,"112":0.24970023334026337,"113":0.25501975417137146,"114":0.26039811968803406,"115":0.26583486795425415,"116":0.27132943272590637,"117":0.27688124775886536,"118":0.28248974680900574,"119":0.2881542444229126,"120":0.2938741445541382,"121":0.2996487319469452,"122":0.3054772913455963,"123":0.31135910749435425,"124":0.31729334592819214,"125":0.3232792913913727,"126":0.32931602001190186,"127":0.3354027271270752,"128":0.3415384888648987,"129":0.3477224111557007,"130":0.3539535105228424,"131":0.36023083329200745,"132":0.3665533661842346,"133":0.37292003631591797,"134":0.3793298304080963,"135":0.3857816159725189,"136":0.39227429032325745,"137":0.39880669116973877,"138":0.40537765622138977,"139":0.41198593378067017,"140":0.41863036155700684,"141":0.4253096282482147,"142":0.43202248215675354,"143":0.43876758217811584,"144":0.4455436170101166,"145":0.4523491859436035,"146":0.4591829478740692,"147":0.46604350209236145,"148":0.47292935848236084,"149":0.4798390865325928,"150":0.48677122592926025,"151":0.4937242269515991,"152":0.50069659948349,"153":0.5076868534088135,"154":0.5146933197975159,"155":0.521714448928833,"156":0.528748631477356,"157":0.535794198513031,"158":0.542849600315094,"159":0.5499131679534912,"160":0.5569831132888794,"161":0.5640578269958496,"162":0.5711356401443481,"163":0.5782146453857422,"164":0.5852932929992676,"165":0.5923697352409363,"166":0.599442183971405,"167":0.6065089106559753,"168":0.613568127155304,"169":0.6206179261207581,"170":0.6276565790176392,"171":0.6346822381019592,"172":0.6416930556297302,"173":0.6486871838569641,"174":0.6556628346443176,"175":0.6626180410385132,"176":0.6695510149002075,"177":0.6764598488807678,"178":0.683342695236206,"179":0.6901976466178894,"180":0.6970228552818298,"181":0.7038164138793945,"182":0.7105764150619507,"183":0.7173009514808655,"184":0.7239882349967957,"185":0.7306362986564636,"186":0.7372432947158813,"187":0.7438073754310608,"188":0.7503265738487244,"189":0.756799042224884,"190":0.7632229328155518,"191":0.7695963978767395,"192":0.7759175896644592,"193":0.7821846008300781,"194":0.7883956432342529,"195":0.7945488691329956,"196":0.8006424903869629,"197":0.806674599647522,"198":0.8126435279846191,"199":0.8185474276542664,"200":0.8243845105171204,"201":0.8301530480384827,"202":0.83585125207901,"203":0.8414774537086487,"204":0.8470299243927002,"205":0.8525069355964661,"206":0.8579068183898926,"207":0.8632279634475708,"208":0.8684687614440918,"209":0.8736274838447571,"210":0.8787025809288025,"211":0.8836924433708191,"212":0.8885956406593323,"213":0.8934105634689331,"214":0.8981356620788574,"215":0.9027695059776306,"216":0.9073106646537781,"217":0.9117576479911804,"218":0.9161090850830078,"219":0.9203636050224304,"220":0.9245198965072632,"221":0.9285765290260315,"222":0.9325323104858398,"223":0.936385989189148,"224":0.9401362538337708,"225":0.9437819719314575,"226":0.9473219513893127,"227":0.9507550597190857,"228":0.9540801644325256,"229":0.9572962522506714,"230":0.9604023098945618,"231":0.963397204875946,"232":0.9662801027297974,"233":0.9690499901771545,"234":0.9717060327529907,"235":0.9742472767829895,"236":0.9766730070114136,"237":0.9789823889732361,"238":0.981174647808075,"239":0.9832491278648376,"240":0.9852050542831421,"241":0.9870418906211853,"242":0.9887589812278748,"243":0.9903557896614075,"244":0.9918317794799805,"245":0.9931864738464355,"246":0.9944194555282593,"247":0.9955302476882935,"248":0.9965185523033142,"249":0.9973840713500977,"250":0.9981264472007751,"251":0.9987454414367676,"252":0.9992409348487854,"253":0.9996126294136047,"254":0.9998605251312256,"255":0.9999845027923584,"256":0.9999845027923584,"257":0.9998605251312256,"258":0.9996126294136047,"259":0.9992409348487854,"260":0.9987454414367676,"261":0.9981264472007751,"262":0.9973840713500977,"263":0.9965185523033142,"264":0.9955302476882935,"265":0.9944194555282593,"266":0.9931864738464355,"267":0.9918317794799805,"268":0.9903557896614075,"269":0.9887589812278748,"270":0.9870418906211853,"271":0.9852050542831421,"272":0.9832491278648376,"273":0.981174647808075,"274":0.9789823889732361,"275":0.9766730070114136,"276":0.9742472767829895,"277":0.9717060327529907,"278":0.9690499901771545,"279":0.9662801027297974,"280":0.963397204875946,"281":0.9604023098945618,"282":0.9572962522506714,"283":0.9540801644325256,"284":0.9507550597190857,"285":0.9473219513893127,"286":0.9437819719314575,"287":0.9401362538337708,"288":0.936385989189148,"289":0.9325323104858398,"290":0.9285765290260315,"291":0.9245198965072632,"292":0.9203636050224304,"293":0.9161090850830078,"294":0.9117576479911804,"295":0.9073106646537781,"296":0.9027695059776306,"297":0.8981356620788574,"298":0.8934105634689331,"299":0.8885956406593323,"300":0.8836924433708191,"301":0.8787025809288025,"302":0.8736274838447571,"303":0.8684687614440918,"304":0.8632279634475708,"305":0.8579068183898926,"306":0.8525069355964661,"307":0.8470299243927002,"308":0.8414774537086487,"309":0.83585125207901,"310":0.8301530480384827,"311":0.8243845105171204,"312":0.8185474276542664,"313":0.8126435279846191,"314":0.806674599647522,"315":0.8006424903869629,"316":0.7945488691329956,