{"0":-1.3877787807814457e-17,"1":0.00005465338836074807,"2":0.0002187572099501267,"3":0.0004927419940941036,"4":0.0008773234440013766,"5":0.0013735000975430012,"6":0.001982549438253045,"7":0.0027060233987867832,"8":0.003545743180438876,"9":0.004503792151808739,"10":0.005582507699728012,"11":0.006784474011510611,"12":0.008112512528896332,"13":0.009569671005010605,"14":0.011159210465848446,"15":0.012884598225355148,"16":0.014749490655958652,"17":0.016757719218730927,"18":0.018913280218839645,"19":0.021220317110419273,"20":0.023683100938796997,"21":0.026306021958589554,"22":0.02909356914460659,"23":0.03205030784010887,"24":0.035180870443582535,"25":0.0384899266064167,"26":0.04198218509554863,"27":0.045662347227334976,"28":0.049535106867551804,"29":0.05360512435436249,"30":0.057877011597156525,"31":0.062355298548936844,"32":0.06704442948102951,"33":0.07194873690605164,"34":0.07707241922616959,"35":0.0824195146560669,"36":0.08799390494823456,"37":0.09379925578832626,"38":0.09983905404806137,"39":0.10611651837825775,"40":0.11263464391231537,"41":0.1193961501121521,"42":0.12640348076820374,"43":0.1336587518453598,"44":0.14116378128528595,"45":0.14892004430294037,"46":0.1569286733865738,"47":0.1651904284954071,"48":0.17370566725730896,"49":0.18247437477111816,"50":0.19149614870548248,"51":0.20077013969421387,"52":0.21029508113861084,"53":0.22006924450397491,"54":0.23009051382541656,"55":0.2403562366962433,"56":0.25086337327957153,"57":0.261608362197876,"58":0.2725871801376343,"59":0.28379538655281067,"60":0.295227974653244,"61":0.3068794906139374,"62":0.318744033575058,"63":0.3308151960372925,"64":0.34308603405952454,"65":0.35554927587509155,"66":0.3681969940662384,"67":0.38102099299430847,"68":0.3940124213695526,"69":0.4071621298789978,"70":0.42046046257019043,"71":0.43389734625816345,"72":0.4474622309207916,"73":0.46114426851272583,"74":0.47493213415145874,"75":0.488814115524292,"76":0.502778172492981,"77":0.5168119072914124,"78":0.530902624130249,"79":0.5450371503829956,"80":0.5592021942138672,"81":0.5733842253684998,"82":0.5875691771507263,"83":0.6017430424690247,"84":0.6158915162086487,"85":0.6299999952316284,"86":0.6440538167953491,"87":0.6580381989479065,"88":0.6719380617141724,"89":0.6857385039329529,"90":0.6994242668151855,"91":0.712980329990387,"92":0.7263913750648499,"93":0.739642322063446,"94":0.7527180314064026,"95":0.7656033635139465,"96":0.778283417224884,"97":0.7907432317733765,"98":0.8029680848121643,"99":0.8149434328079224,"100":0.8266549110412598,"101":0.8380883932113647,"102":0.8492298722267151,"103":0.860065758228302,"104":0.8705826997756958,"105":0.8807676434516907,"106":0.8906079530715942,"107":0.9000912308692932,"108":0.9092056751251221,"109":0.9179396033287048,"110":0.9262821078300476,"111":0.934222400188446,"112":0.9417504668235779,"113":0.9488565325737,"114":0.9555315375328064,"115":0.96176677942276,"116":0.9675542116165161,"117":0.972886323928833,"118":0.9777562022209167,"119":0.9821574091911316,"120":0.9860843420028687,"121":0.9895316958427429,"122":0.992495059967041,"123":0.9949705004692078,"124":0.9969547986984253,"125":0.9984453320503235,"126":0.99944007396698,"127":0.9999377727508545,"128":0.9999377727508545,"129":0.99944007396698,"130":0.9984453320503235,"131":0.9969547986984253,"132":0.9949705004692078,"133":0.992495059967041,"134":0.9895316958427429,"135":0.9860843420028687,"136":0.9821574091911316,"137":0.9777562022209167,"138":0.972886323928833,"139":0.9675542116165161,"140":0.96176677942276,"141":0.9555315375328064,"142":0.9488565325737,"143":0.9417504668235779,"144":0.934222400188446,"145":0.9262821078300476,"146":0.9179396033287048,"147":0.9092056751251221,"148":0.9000912308692932,"149":0.8906079530715942,"150":0.8807676434516907,"151":0.8705826997756958,"152":0.860065758228302,"153":0.8492298722267151,"154":0.8380883932113647,"155":0.8266549110412598,"156":0.8149434328079224,"157":0.8029680848121643,"158":0.7907432317733765,"159":0.778283417224884,"160":0.7656033635139465,"161":0.7527180314064026,"162":0.739642322063446,"163":0.7263913750648499,"164":0.712980329990387,"165":0.6994242668151855,"166":0.6857385039329529,"167":0.6719380617141724,"168":0.6580381989479065,"169":0.6440538167953491,"170":0.6299999952316284,"171":0.6158915162086487,"172":0.6017430424690247,"173":0.5875691771507263,"174":0.5733842253684998,"175":0.5592021942138672,"176":0.5450371503829956,"177":0.530902624130249,"178":0.5168119072914124,"179":0.502778172492981,"180":0.488814115524292,"181":0.47493213415145874,"182":0.46114426851272583,"183":0.4474622309207916,"184":0.43389734625816345,"185":0.42046046257019043,"186":0.4071621298789978,"187":0.3940124213695526,"188":0.38102099299430847,"189":0.3681969940662384,"190":0.35554927587509155,"191":0.34308603405952454,"192":0.3308151960372925,"193":0.318744033575058,"194":0.3068794906139374,"195":0.295227974653244,"196":0.28379538655281067,"197":0.2725871801376343,"198":0.261608362197876,"199":0.25086337327957153,"200":0.2403562366962433,"201":0.23009051382541656,"202":0.22006924450397491,"203":0.21029508113861084,"204":0.20077013969421387,"205":0.19149614870548248,"206":0.18247437477111816,"207":0.17370566725730896,"208":0.1651904284954071,"209":0.1569286733865738,"210":0.14892004430294037,"211":0.14116378128528595,"212":0.1336587518453598,"213":0.12640348076820374,"214":0.1193961501121521,"215":0.11263464391231537,"216":0.10611651837825775,"217":0.09983905404806137,"218":0.09379925578832626,"219":0.08799390494823456,"220":0.0824195146560669,"221":0.07707241922616959,"222":0.07194873690605164,"223":0.06704442948102951,"224":0.062355298548936844,"225":0.057877011597156525,"226":0.05360512435436249,"227":0.049535106867551804,"228":0.045662347227334976,"229":0.04198218509554863,"230":0.0384899266064167,"231":0.035180870443582535,"232":0.03205030784010887,"233":0.02909356914460659,"234":0.026306021958589554,"235":0.023683100938796997,"236":0.021220317110419273,"237":0.018913280218839645,"238":0.016757719218730927,"239":0.014749490655958652,"240":0.012884598225355148,"241":0.011159210465848446,"242":0.009569671005010605,"243":0.008112512528896332,"244":0.006784474011510611,"245":0.005582507699728012,"246":0.004503792151808739,"247":0.003545743180438876,"248":0.0027060233987867832,"249":0.001982549438253045,"250":0.0013735000975430012,"251":0.0008773234440013766,"252":0.0004927419940941036,"253":0.0002187572099501267,"254":0.00005465338836074807,"255":-1.3877787807814457e-17}