{"0":0.07999999821186066,"1":0.08003463596105576,"2":0.08013854175806046,"3":0.08031170070171356,"4":0.08055409044027328,"5":0.08086566627025604,"6":0.08124639093875885,"7":0.08169619739055634,"8":0.08221502602100372,"9":0.08280279487371445,"10":0.08345941454172134,"11":0.08418478816747665,"12":0.08497880399227142,"13":0.0858413502573967,"14":0.08677228540182114,"15":0.087771475315094,"16":0.08883877098560333,"17":0.08997400850057602,"18":0.09117701649665833,"19":0.09244762361049652,"20":0.09378562122583389,"21":0.09519082307815552,"22":0.09666301310062408,"23":0.09820196032524109,"24":0.09980744868516922,"25":0.10147922486066818,"26":0.10321703553199768,"27":0.10502062737941742,"28":0.10688973218202591,"29":0.10882405191659927,"30":0.11082331091165543,"31":0.11288720369338989,"32":0.1150154173374176,"33":0.11720763146877289,"34":0.11946351081132889,"35":0.12178272753953934,"36":0.12416492402553558,"37":0.12660974264144897,"38":0.12911681830883026,"39":0.1316857784986496,"40":0.13431622087955475,"41":0.13700775802135468,"42":0.13975998759269714,"43":0.14257249236106873,"44":0.1454448401927948,"45":0.14837661385536194,"46":0.15136736631393433,"47":0.15441663563251495,"48":0.157523974776268,"49":0.16068892180919647,"50":0.16391098499298096,"51":0.16718968749046326,"52":0.17052453756332397,"53":0.17391502857208252,"54":0.1773606389760971,"55":0.18086087703704834,"56":0.18441519141197205,"57":0.18802306056022644,"58":0.19168393313884735,"59":0.1953972578048706,"60":0.19916248321533203,"61":0.20297902822494507,"62":0.20684634149074554,"63":0.2107638269662857,"64":0.2147308737039566,"65":0.21874693036079407,"66":0.22281135618686676,"67":0.22692354023456573,"68":0.23108288645744324,"69":0.23528873920440674,"70":0.2395404875278473,"71":0.24383749067783356,"72":0.248179093003273,"73":0.2525646388530731,"74":0.25699347257614136,"75":0.261464923620224,"76":0.26597830653190613,"77":0.2705329954624176,"78":0.27512824535369873,"79":0.2797633707523346,"80":0.2844376862049103,"81":0.28915050625801086,"82":0.29390108585357666,"83":0.29868873953819275,"84":0.3035127520561218,"85":0.3083723485469818,"86":0.3132668435573578,"87":0.3181954622268677,"88":0.32315748929977417,"89":0.3281521797180176,"90":0.3331787884235382,"91":0.338236540555954,"92":0.3433246612548828,"93":0.348442405462265,"94":0.3535889983177185,"95":0.3587636649608612,"96":0.36396563053131104,"97":0.3691940903663635,"98":0.3744482696056366,"99":0.37972739338874817,"100":0.3850306570529938,"101":0.39035725593566895,"102":0.3957063853740692,"103":0.4010772705078125,"104":0.40646904706954956,"105":0.4118809401988983,"106":0.4173121452331543,"107":0.42276179790496826,"108":0.42822912335395813,"109":0.43371325731277466,"110":0.43921342492103577,"111":0.4447287619113922,"112":0.4502584636211395,"113":0.45580166578292847,"114":0.4613575339317322,"115":0.4669252634048462,"116":0.47250398993492126,"117":0.47809287905693054,"118":0.48369109630584717,"119":0.4892977774143219,"120":0.49491211771965027,"121":0.5005332231521606,"122":0.506160318851471,"123":0.5117924809455872,"124":0.5174288749694824,"125":0.5230686664581299,"126":0.5287110209465027,"127":0.534355103969574,"128":0.5400000214576721,"129":0.5456448793411255,"130":0.5512889623641968,"131":0.5569313168525696,"132":0.562571108341217,"133":0.5682075619697571,"134":0.5738397240638733,"135":0.5794667601585388,"136":0.5850878953933716,"137":0.5907022356987,"138":0.5963088870048523,"139":0.6019071340560913,"140":0.6074960231781006,"141":0.6130747199058533,"142":0.6186424493789673,"143":0.6241983771324158,"144":0.6297415494918823,"145":0.6352712512016296,"146":0.6407865881919861,"147":0.6462867259979248,"148":0.6517708897590637,"149":0.6572381854057312,"150":0.6626878976821899,"151":0.6681190729141235,"152":0.6735309362411499,"153":0.678922712802887,"154":0.6842936277389526,"155":0.6896427273750305,"156":0.6949693560600281,"157":0.7002726197242737,"158":0.7055517435073853,"159":0.7108058929443359,"160":0.7160343527793884,"161":0.7212363481521606,"162":0.726410984992981,"163":0.7315576076507568,"164":0.7366753220558167,"165":0.7417634725570679,"166":0.7468212246894836,"167":0.7518478035926819,"168":0.7568424940109253,"169":0.7618045210838318,"170":0.7667331695556641,"171":0.77162766456604,"172":0.7764872908592224,"173":0.7813112735748291,"174":0.7860988974571228,"175":0.790849506855011,"176":0.7955623269081116,"177":0.8002366423606873,"178":0.8048717975616455,"179":0.8094670176506042,"180":0.8140217065811157,"181":0.8185350894927979,"182":0.8230065107345581,"183":0.8274353742599487,"184":0.8318209052085876,"185":0.8361625075340271,"186":0.8404595255851746,"187":0.8447112441062927,"188":0.8489171266555786,"189":0.8530764579772949,"190":0.8571886420249939,"191":0.8612530827522278,"192":0.865269124507904,"193":0.869236171245575,"194":0.8731536865234375,"195":0.8770209550857544,"196":0.8808375000953674,"197":0.8846027255058289,"198":0.8883160948753357,"199":0.8919769525527954,"200":0.8955848217010498,"201":0.8991391062736511,"202":0.9026393294334412,"203":0.9060849547386169,"204":0.9094754457473755,"205":0.9128103256225586,"206":0.9160889983177185,"207":0.9193111062049866,"208":0.9224759936332703,"209":0.9255833625793457,"210":0.9286326169967651,"211":0.9316233992576599,"212":0.934555172920227,"213":0.9374275207519531,"214":0.9402400255203247,"215":0.9429922699928284,"216":0.9456837773323059,"217":0.9483142495155334,"218":0.950883150100708,"219":0.9533902406692505,"220":0.9558351039886475,"221":0.9582172632217407,"222":0.9605364799499512,"223":0.9627923965454102,"224":0.9649845957756042,"225":0.9671127796173096,"226":0.969176709651947,"227":0.9711759686470032,"228":0.9731102585792542,"229":0.9749793410301208,"230":0.9767829775810242,"231":0.9785207509994507,"232":0.9801925420761108,"233":0.9817980527877808,"234":0.9833369851112366,"235":0.984809160232544,"236":0.9862143993377686,"237":0.9875524044036865,"238":0.9888229966163635,"239":0.9900259971618652,"240":0.9911612272262573,"241":0.9922285079956055,"242":0.9932277202606201,"243":0.9941586256027222,"244":0.9950212240219116,"245":0.9958152174949646,"246":0.9965406060218811,"247":0.9971972107887268,"248":0.9977849721908569,"249":0.9983038306236267,"250":0.9987536072731018,"251":0.9991343021392822,"252":0.999445915222168,"253":0.9996882677078247,"254":0.999861478805542,"255":0.9999653697013855,"256":1,"257":0.9999653697013855,"258":0.999861478805542,"259":0.9996882677078247,"260":0.999445915222168,"261":0.9991343021392822,"262":0.9987536072731018,"263":0.9983038306236267,"264":0.9977849721908569,"265":0.9971972107887268,"266":0.9965406060218811,"267":0.9958152174949646,"268":0.9950212240219116,"269":0.9941586256027222,"270":0.9932277202606201,"271":0.9922285079956055,"272":0.9911612272262573,"273":0.9900259971618652,"274":0.9888229966163635,"275":0.9875524044036865,"276":0.9862143993377686,"277":0.984809160232544,"278":0.9833369851112366,"279":0.9817980527877808,"280":0.9801925420761108,"281":0.9785207509994507,"282":0.9767829775810242,"283":0.9749793410301208,"284":0.9731102585792542,"285":0.9711759686470032,"286":0.969176709651947,"287":0.9671127796173096,"288":0.9649845957756042,"289":0.9627923965454102,"290":0.9605364799499512,"291":0.9582172632217407,"292":0.9558351039886475,"293":0.9533902406692505,"294":0.950883150100708,"295":0.9483142495155334,"296":0.9456837773323059,"297":0.9429922699928284,"298":0.9402400255203247,"299":0.9374275207519531,"300":0.934555172920227,"301":0.9316233992576599,"302":0.9286326169967651,"303":0.9255833625793457,"304":0.9224759936332703,"305":0.9193111062049866,"306":0.9160889983177185,"307":0.9128103256225586,"308":0.9094754457473755,"309":0.9060849547386169,"310":0.9026393294334412,"311":0.8991391062736511,"312":0.8955848217010498,"313":0.8919769525527954,"314":0.8883160948753357,"315":0.8846027255058289,"316":0.8808375000953674,"317":0.8770209550857544,"318":0.8731536865234375,"319":0.869236171245575,"320":0.865269124507904,"321":0.8612530827522278,"322":0.8571886420249939,